Account Name  ↑,Address,City,State,ZIP Code,ConfidenceScore,MatchedUnits
3 Brothers Racing,1560 Superior Ave,Costa Mesa,CA,92627,18%,
4Z's RVs,1083 Industrial Parkway,Peru,IN,46970,87%,137
Action Powersports - Tulsa,2150 W Concord Cir,Broken Arrow,OK,74012,45%,
Airstream Adventures Bay Area,2400 Cordelia Rd,Fairfield,CA,94534,93%,985
Airstream Adventures Boise- CAFRFAIR L021,1705 Industrial Way,Caldwell,ID,83605,85%,272
Airstream Adventures Portland,16250 SE Evelyn St,Clackamas,OR,97015,72%,
Airstream Adventures Reno NVRENAIR,2580 Kietzke Ln,Reno,NV,89502,83%,52
Airstream Adventures Seattle,300 Meridian Ave E,Milton,WA,98354,87%,715
Airstream Adventures Spokane,7611 E Boone Lane,Spokane Valley,WA,99212,49%,
Airstream Colorado,6045 Lipan St,Denver,CO,80221,93%,149
Airstream Inland Empire,27969 Jefferson Ave,Temecula,CA,92592,92%,491
Airstream Las Vegas,5050 E Russell Rd,Las Vegas,NV,89122,86%,366
Airstream Los Angeles,1212 E Las Tunas Dr,San Gabriel,CA,91776,90%,733
Airstream of Northern Michigan - Marquette,1015 W Baraga Ave,Marquette,MI,49855,96%,6
Airstream Orange County,15086 Beach Boulevard,Midway City,CA,92655,25%,
American Truck & RV,,,,,0%,
American V Twin,,,,,0%,
Ancira RV (Boerne),,,,,0%,
Andalusia Powersports,,,,,0%,
Anderson Powersports Bullhead City,1017 Hwy 95,Bullhead City,AZ,86429,50%,
Anderson Powersports Havasu,1040 North Lake Havasu Ave,Lake Havasu City,AZ,86403,48%,
Anderson Powersports Havasu - South,3198 Sweetwater Ave,Lake Havasu City,AZ,86406,49%,
Anderson Powersports Reno,3445 Kietzke Lane,Reno,NV,89502,59%,
Approval Powersports,,,,,0%,
Archer RV,,,,,0%,
Arrowhead Camper Sales,,,,,0%,
ATC RV Center,,,,,0%,
A to Z RV Super Center,,,,,0%,
AURORA HONDA,,,,,0%,
Auto Boutique,,,,,0%,
B & B Cycle,,,,,0%,
B & B Rv Inc,,,,,0%,
B & R Cycle,,,,,0%,
Ballards Camping Center,,,,,0%,
Bankston Motor Homes,,,,,0%,
Bankston Motorhomes Attalla,,,,,0%,
Bartels Harley-Davidson,,,,,0%,
Barton Lake RV Sales,,,,,0%,
Batteries Now,,,,,0%,
Baxter Cycle,,,,,0%,
Bayer RV,,,,,0%,
Bayou Outdoor Supercenter,,,,,0%,
Beaverton Motorcycles,,,,,0%,
Beckley's Camping Center,,,,,0%,
Beckley's Camping Center - PA,,,,,0%,
Bell Camper Sales,,,,,0%,
Bell Camper Sales - Bartlesville,,,,,0%,
Berryland Campers,,,,,0%,
Berryland Campers Holden,,,,,0%,
Big Sky Harley-Davidson,,,,,0%,
Bill's Happy Camper RV Sales and Service,,,,,0%,
"Bluegrass International Trucks, Buses, RV's, & Idealease",,,,,0%,
BMW Motorcycles of Chula Vista,,,,,0%,
BMW Motorcycles of Detroit,,,,,0%,
BMW Motorcycles of Louisville,,,,,0%,
BMW Motorcycles of Southeast Michigan,,,,,0%,
BMW Motorcycles of Temecula,,,,,0%,
BMW of Denver,,,,,0%,
Bobby Combs RV - Mesa,,,,,0%,
Bobby Combs RV - Yuma,,,,,0%,
Bobby J's Santa Fe Motorsports,,,,,0%,
Bob Hurley RV,,,,,0%,
Bob Hurley RV - Oklahoma City,,,,,0%,
Bob Ledford's Adventure Motorhomes,,,,,0%,
Bogue RV,,,,,0%,
BOLAND RV,,,,,0%,
Braun's Fun Time Campers,,,,,0%,
Brazos Motorsports,,,,,0%,
Bretz RV & Marine Billings,,,,,0%,
Bretz Rv & Marine Inc,,,,,0%,
Bretz RV & Marine Liberty Lake,,,,,0%,
Bretz RV & Marine- Mankato,,,,,0%,
Bretz RV & Marine - Nampa,,,,,0%,
Bretz RV & Marine- Pasco,,,,,0%,
Bretz RV Butte,,,,,0%,
Bretz RV-Idaho/Happy Trails Rv Center,,,,,0%,
Briggs Bikes,,,,,0%,
Buckeye RV Jeffersonville,,,,,0%,
Buckeye RV Wilmington,,,,,0%,
Budget RV's of Texas,,,,,0%,
Bumgarner Camping Center,,,,,0%,
BuyRVSellRV.com,,,,,0%,
Byerly RV Center,,,,,0%,
C & C Custom Cycle Inc,,,,,0%,
Cal-Coast Motorsports,,,,,0%,
Camp-A-Rama Inc,,,,,0%,
Campers Inn RV of Johnstown,,,,,0%,
Campers Inn RV of Knoxville East,,,,,0%,
Campers Inn RV of Ramsey,,,,,0%,
Campers Inn RV of St. George,,,,,0%,
Campers Inn RV of Tucson,,,,,0%,
Campers Inn RV of Wilmington Inc,,,,,0%,
Campers Unlimited - Chattanooga,,,,,0%,
Camp EZ RV - Willis,,,,,0%,
CampNorth RV,,,,,0%,
Camp Oaks RV & Outdoors,,,,,0%,
Camp Rite RV Sales,,,,,0%,
Camp Site Rv,,,,,0%,
Capitol Yamaha,,,,,0%,
Carefree Coach Rentals,,,,,0%,
Carolina Rv,,,,,0%,
Carter Powersports,,,,,0%,
Cassone's RV,,,,,0%,
Caswell Cycle,,,,,0%,
CBM Cycles Inc DBA Elkhart Indian Motorcycle,,,,,0%,
Central Coast Powersports,,,,,0%,
Central Kentucky Motorsports,,,,,0%,
Central Powersports,,,,,0%,
Chapman's Paris Honda Yamaha,,,,,0%,
Chase Auto & RV,,,,,0%,
Chase Motorsports Coach & Trailer,,,,,0%,
Cheyenne Camping Center Co,,,,,0%,
Cheyenne Motorsports,,,,,0%,
Chippewa Valley Rv,,,,,0%,
Clinton County Motorsports,,,,,0%,
Clinton Harley-Davidson,,,,,0%,
Coastal Indian,,,,,0%,
Coastal RV - Virginia,,,,,0%,
Colaw Rv Sales,,,,,0%,
Collier RV Lake County,,,,,0%,
Collier RV Super Center,,,,,0%,
Colman's Country Campers,,,,,0%,
Colman's RV,,,,,0%,
Colonial Airstream,,,,,0%,
Copper Canyon Harley-Davidson,,,,,0%,
Corona Powersports,,,,,0%,
Couch Family RV,,,,,0%,
Country Roads Rv Center,,,,,0%,
Country Side RV - ND,,,,,0%,
Cowboy Harley-Davidson Of Austin,,,,,0%,
Cowboy Harley-Davidson of Beaumont,,,,,0%,
Cowboy  Powersports,,,,,0%,
Cowboys Alamo City Harley-Davidson,,,,,0%,
Craig Smith Rv Center,,,,,0%,
Crestview RV,,,,,0%,
Crestview Rv/georgetown,,,,,0%,
Crestview RV - Hewitt,,,,,0%,
Crestview Rv Superstore,,,,,0%,
Cycle Sports Center,,,,,0%,
Cycle World Of Athens-245,,,,,0%,
Dakota Discount RV,,,,,0%,
Dakota discount RV - Summerset,,,,,0%,
Dallas Indian Motorcycles,,,,,0%,
DAX Powersports,,,,,0%,
Day Brothers Rv,,,,,0%,
Deep South Kawasaki,,,,,0%,
Deland Motor Sports,,,,,0%,
DeMontrond RV,,,,,0%,
Dennis Dillon Powersports,,,,,0%,
Dennis Dillon RV Center - Idaho,,,,,0%,
Dick's Rv,,,,,0%,
DR. PowerSports,,,,,0%,
Dream Machines Motorsports,,,,,0%,
Dream Machines Of Texas,,,,,0%,
D Showalter RV Rental & Sales,,,,,0%,
Ducati Omaha,,,,,0%,
Ducati Redmond,,,,,0%,
Dutchess Recreational Vehicles,,,,,0%,
DVORAK MOTORSPORTS & RV CENTER - RV,,,,,0%,
EA Powersports,,,,,0%,
East Coast RV Specialists,,,,,0%,
Easy Camping RV,,,,,0%,
Ecofun Motorsports,,,,,0%,
Edwards Motorsports,,,,,0%,
Elk Grove Power Sports,,,,,0%,
Engelhart Motorsports Company,,,,,0%,
Epic Motorsports,,,,,0%,
Epic Motorsports Show Low,,,,,0%,
Ertle Powersports,,,,,0%,
Extreme Powersports Opelika,,,,,0%,
Family RV Center,,,,,0%,
Family RV Center - Abilene,,,,,0%,
Family RV  Inc,,,,,0%,
Fast Ride Moto,,,,,0%,
Findlay Truck & RV Sales,,,,,0%,
Foley RV Center,,,,,0%,
Fort Campbell Auto Sales,,,,,0%,
Fort Worth Indian Motorcycle,,,,,0%,
Four Seasons RV,,,,,0%,
"Fred Cummings Motorsports AKA E & F Cummings, Inc.",,,,,0%,
Freedom Road Cycles & Sales,,,,,0%,
Fremont Motorsports,,,,,0%,
Ft. Worth Harley-Davidson,,,,,0%,
Full Throttle - Dallas,,,,,0%,
Fun Bike Center #738,,,,,0%,
Fun Town RV - Amarillo,,,,,0%,
Fun Town RV - Anna,,,,,0%,
Fun Town RV - Bryant,,,,,0%,
Fun Town RV - Cleburne,,,,,0%,
Fun Town RV - Conroe,,,,,0%,
Fun Town RV - Corsicana,,,,,0%,
Fun Town RV - Dallas,,,,,0%,
Fun Town RV - Denton,,,,,0%,
Fun Town RV - Elkhart,,,,,0%,
Fun Town RV - Fairfield,,,,,0%,
Fun Town RV - Giddings,,,,,0%,
Fun Town RV - Grand Rapids,,,,,0%,
Fun Town RV - Houston,,,,,0%,
Fun Town RV - Indianapolis,,,,,0%,
Fun Town RV - Jackson,,,,,0%,
Fun Town RV - Kansas City,,,,,0%,
Fun Town RV - Las Vegas,,,,,0%,
Fun Town RV - Little Rock,,,,,0%,
Fun Town RV - Nature Coast,,,,,0%,
Fun Town RV - North Detroit,,,,,0%,
Fun Town RV - OKC,,,,,0%,
Fun Town RV - Orange,,,,,0%,
"Fun Town RV - Ottawa, KS",,,,,0%,
Fun Town RV - San Angelo,,,,,0%,
Fun Town RV - San Antonio,,,,,0%,
Fun Town RV - Surprise,,,,,0%,
Fun Town RV - Texarkana,,,,,0%,
Fun Town RV - Thacker (WinStar),,,,,0%,
Fun Town RV - Tyler,,,,,0%,
Fun Town RV - Waco,,,,,0%,
Fun Town RV - Waller,,,,,0%,
Gator Harley-Davidson,,,,,0%,
Gauthiers Rv Center Inc,,,,,0%,
General RV Center - Ashland VA,,,,,0%,
General RV Center - Birch Run MI,,,,,0%,
General RV Center - Brownstown MI,,,,,0%,
General RV Center - Clarkston,,,,,0%,
General RV Center - Fort Myers,,,,,0%,
General RV Center - Fort Pierce,,,,,0%,
General RV Center - Grand Rapids,,,,,0%,
General RV Center - Huntley IL,,,,,0%,
General RV Center - Longmont,,,,,0%,
General RV Center - Mesa,,,,,0%,
General RV Center - Mt Clemens MI,,,,,0%,
General RV Center - North Canton OH,,,,,0%,
General RV Center - Ocala,,,,,0%,
General RV Center - Orange Park FL,,,,,0%,
General RV Center - Pennsylvania,,,,,0%,
General RV Center - Salisbury,,,,,0%,
General RV Center - Salt Lake,,,,,0%,
General RV Center - South Weber,,,,,0%,
General RV Center - Tampa,,,,,0%,
General RV Center - West Chester,,,,,0%,
General RV Center - West Palm Beach,,,,,0%,
General RV Center - Winter Garden,,,,,0%,
General RV Center - Wixom MI,,,,,0%,
GERBER RV,,,,,0%,
G-Force Powersports - Lakewood,,,,,0%,
Good Life RV - Des Moines,,,,,0%,
Good Life RV - Webster City,,,,,0%,
GP Sports,,,,,0%,
Great American RV SuperStores - Calera,,,,,0%,
Great American RV SuperStores - Defuniak Springs,,,,,0%,
Great American RV SuperStores - Grand Bay,,,,,0%,
Great American RV SuperStores - Hammond,,,,,0%,
Great American RV SuperStores - Hattiesburg,,,,,0%,
Great American RV SuperStores - Heflin,,,,,0%,
Great American RV SuperStores - Huntsville,,,,,0%,
Great American RV SuperStores - Lafayette,,,,,0%,
Great American RV Superstores - Tupelo,,,,,0%,
Greenlawn RV,,,,,0%,
Greenlawn RV - Lockbourne,,,,,0%,
Gull Boats & RV's,,,,,0%,
Handlebar Motorsports,,,,,0%,
Hankster's Motorsports,,,,,0%,
Happy Campers RV Sales & Service,,,,,0%,
Harley-Davidson of Yuba City,,,,,0%,
Haylett Trailer LLC,,,,,0%,
Head's Blacktop Harley,,,,,0%,
Hemlock Hill RV,,,,,0%,
Hollister Powersports,,,,,0%,
Hometown RV LLC - Brockway,,,,,0%,
Honda Marysville Motorsports,,,,,0%,
Honda of Houston,,,,,0%,
Honda Of North Little Rock/Arkansas Yamaha,,,,,0%,
Honda of South Georgia,,,,,0%,
Honda of the Ozarks,,,,,0%,
Honda Powersports Of Crofton,,,,,0%,
Honda Suzuki of Lynchburg,,,,,0%,
Honda Suzuki of Sanford,,,,,0%,
Hopper RV,,,,,0%,
Horner's RV and Auto,,,,,0%,
Howard Rv Center,,,,,0%,
I-35 RV Center,,,,,0%,
Imperial RV Center,,,,,0%,
Independence County Off Road,,,,,0%,
Indian Motorcycle of Panama City Beach,,,,,0%,
Indian Motorcycle of White Plains,,,,,0%,
Indian Shores RV,,,,,0%,
Indie Campers USA - Las Vegas,,,,,0%,
Interstate 69 Motorsports,,,,,0%,
IWS Sales,,,,,0%,
Jeff England RV,,,,,0%,
Jim's Trailer Sales Inc,,,,,0%,
Joe's Camper Sales Inc,,,,,0%,
Johnnie Walker R.V. Center,,,,,0%,
Johnnie Walker RV,,,,,0%,
Johnnie Walker RV Outlet,,,,,0%,
Jonesboro Cycle & Atv,,,,,0%,
Jones Honda,,,,,0%,
Jones Powersports,,,,,0%,
Just Toys,,,,,0%,
Kawasaki City,,,,,0%,
Keepers RV Center,,,,,0%,
Kentucky Powersports & RV,,,,,0%,
Keystone RV Center,,,,,0%,
King Chevrolet,,,,,0%,
Kings Campers,,,,,0%,
Kramers Kampers Inc,,,,,0%,
Kunes Freedom RV,,,,,0%,
Kunes of Chicagoland,,,,,0%,
Kunes of Janesville,,,,,0%,
Kunes Quietwood Rv,,,,,0%,
Kunes RV Fox Valley,,,,,0%,
Kunes RV of Elkhorn,,,,,0%,
Kunes RV of Green Bay,,,,,0%,
Kunes RV of La Crosse,,,,,0%,
Kunes RV of Lake Mills,,,,,0%,
Kunes RV of Wisconsin Rapids,,,,,0%,
Kunes RV Supercenter Inc.,,,,,0%,
Kunes Scenic RV,,,,,0%,
Kunes Wisconsin RV World,,,,,0%,
"L & L Performance, LLC",,,,,0%,
Labadie RV,,,,,0%,
Lafayette Powersports,,,,,0%,
LAFAYETTE POWERSPORTS II,,,,,0%,
Lake City Honda-Kawasaki,,,,,0%,
Lake Country RV Inc,,,,,0%,
Lakeside RV,,,,,0%,
Larry's Motor Sports,,,,,0%,
Lazydays by Campers Inn RV,,,,,0%,
Leach Camper Sales,,,,,0%,
Leach Camper Sales of Lincoln,,,,,0%,
Legends Harley-Davidson Mayer,,,,,0%,
Leo's Vacation Center,,,,,0%,
Liberty RV,,,,,0%,
Liberty Trail RV,,,,,0%,
Liberty Trail RV - Sulphur Springs,,,,,0%,
Link RV Center Minong,,,,,0%,
Lithia RV - Spokane,,,,,0%,
Lone Star Harley-Davidson,,,,,0%,
Lonestar RV Liquidators,,,,,0%,
Lone Star Yamaha,,,,,0%,
Love Motorsports - Ocoee,,,,,0%,
Loves Park Motorsports,,,,,0%,
Lucky Penny Cycles,,,,,0%,
Luxury Vehicle Care,,,,,0%,
"Lynden Sports Center, LLC",,,,,0%,
Mainland and Marine Motorsales,,,,,0%,
Mainland Cycle Center LLC,,,,,0%,
Main Street Motorsports,,,,,0%,
Major RV,,,,,0%,
Marjon RV's,,,,,0%,
Markquart RV - Appleton,,,,,0%,
Markquart RV Burlington,,,,,0%,
Markquart RV - Chippewa Falls,,,,,0%,
Markquart RV Columbus,,,,,0%,
Markquart RV Madison,,,,,0%,
Markquart RV Ramsey,,,,,0%,
Mark Wahlberg Airstream & RV,,,,,0%,
Mark Wahlberg Airstream & RV of Cleveland,,,,,0%,
Matts Atv and Offroad,,,,,0%,
McClain's RV Corinth,,,,,0%,
McClain's RV-Oklahoma City,,,,,0%,
McClain's RV- Rockwall,,,,,0%,
McClains RV-Ft Worth,,,,,0%,
McClains RV - Kerrville,,,,,0%,
McClains RV - Sanger,,,,,0%,
McKee Auto Center,,,,,0%,
McLaughlin's RV & Marine,,,,,0%,
Midwest RV Center,,,,,0%,
Mike Thompson's RV- Colton Location,,,,,0%,
Mike Thompson's RV - Santa Fe Springs Location,,,,,0%,
Mike Thompsons RV- Cathedral City Location,,,,,0%,
Mike Thompsons RV-Fountain Valley Location,,,,,0%,
Miles RV Center,,,,,0%,
Miller's RV Center,,,,,0%,
Minneapolis Trailer Sales,,,,,0%,
Mj Sales,,,,,0%,
Modern Classic RV's,,,,,0%,
Moix RV Hot Springs Landing,,,,,0%,
Moix RV Mashburn Ridge,,,,,0%,
Moix RV McGaugh Outpost,,,,,0%,
Moix RV Supercenter,,,,,0%,
Monkey Moto,,,,,0%,
"Monroe Powersports, Inc.",,,,,0%,
Monty's Motorsports,,,,,0%,
Moroney's Motorcycles,,,,,0%,
MotoCorsa,,,,,0%,
"Moto Europa, LLC",,,,,0%,
Moto Julia,,,,,0%,
Motorado,,,,,0%,
Motorcars & More,,,,,0%,
Motor Home Finders,,,,,0%,
Motorhomes Of Texas,,,,,0%,
Motor Sports of Willmar,,,,,0%,
Motosport Hillsboro,,,,,0%,
Moto-World,,,,,0%,
Mukwonago Yamaha,,,,,0%,
Mungenast Motorsports,,,,,0%,
Munroe Motors,,,,,0%,
Murphy RV,,,,,0%,
National Indoor RV - Las Vegas,,,,,0%,
National Indoor RV - Phoenix,,,,,0%,
National Indoor RV - Tennessee,,,,,0%,
National Indoor Storage - Georgia,,,,,0%,
National Indoor Storage - TX,,,,,0%,
Nature & Me RV / Vespa Traverse City,,,,,0%,
New Orleans Powersports,,,,,0%,
"Next Step Promotions, LLC",,,,,0%,
N Motion Sales,,,,,0%,
No Limit Motorsports,,,,,0%,
North Country RV,,,,,0%,
Northwoods Harley-Davidson,,,,,0%,
"NVNG, Inc.",,,,,0%,
Oak Hill Sales,,,,,0%,
Oak Lake Rv,,,,,0%,
Olathe Ford RV Center,,,,,0%,
Onyx Moto,,,,,0%,
Open Road RV,,,,,0%,
Open Road RV - Arlington,,,,,0%,
Open Road RV Ellensburg,,,,,0%,
Open Road RV - Monticello,,,,,0%,
Open Roads Complete RV,,,,,0%,
Open Roads Complete RV - Jasper,,,,,0%,
Outback RV of Texas,,,,,0%,
Ozarks Powersports,,,,,0%,
Page Honda,,,,,0%,
Paris Harley-Davidson,,,,,0%,
Patterson RV,,,,,0%,
PCP Motorsports,,,,,0%,
Performance Rv Rentals,,,,,0%,
Pete's RV Center CT,,,,,0%,
Pete's RV Center - Indiana,,,,,0%,
Pete's RV Center MA,,,,,0%,
Pete's RV Center PA,,,,,0%,
Pete's RV Center-VT,,,,,0%,
Pete's RV - Chesapeake,,,,,0%,
Pete's RV - Salem,,,,,0%,
Peterson's Harley-Davidson of Miami,,,,,0%,
Phoenix MV Agusta,,,,,0%,
Pinnacle RV,,,,,0%,
Pittsburg RV Sales,,,,,0%,
Plaza RV Inc,,,,,0%,
Pleasureland RV- Brainerd,,,,,0%,
Pleasureland RV Center,,,,,0%,
Pleasureland RV Center-Ramsey,,,,,0%,
Pleasureland RV Center Shakopee,,,,,0%,
Pleasureland RV Sioux Falls,,,,,0%,
Pleasureland RV West Salem,,,,,0%,
Polaris of Gainesville,,,,,0%,
Pontiac Rv Inc,,,,,0%,
Porter's Rv,,,,,0%,
Power Sports Abrams,,,,,0%,
Powersports of Modesto,,,,,0%,
Ppl Motor Homes,,,,,0%,
PPL Motor Homes - Cleburne,,,,,0%,
PPL Motor Homes - Decatur,,,,,0%,
PPL Motor Homes- New Braunfels,,,,,0%,
PPL Motor Homes - Oklahoma City,,,,,0%,
PPL Motor Homes - Summerfield,,,,,0%,
Premier RV LLC,,,,,0%,
Prestige RV Center,,,,,0%,
PROGRESSIVE POWERSPORTS,,,,,0%,
Progressive Powersports Sherman,,,,,0%,
"Pro Italia Motors, Inc",,,,,0%,
Prosser Rv Rentals & Sales,,,,,0%,
Quaid Harley-Davidson of Loma Linda,,,,,0%,
Quaker City Motorsports,,,,,0%,
R&D Powersports,,,,,0%,
Ram Motors,,,,,0%,
Rancho Santa Margarita RV,,,,,0%,
Range Rv Center,,,,,0%,
RCD RV Sales - Pataskala,,,,,0%,
RC Hill Honda Powersports,,,,,0%,
RC Hill Powersports Orlando,,,,,0%,
Recreation USA,,,,,0%,
Recreation USA Myrtle Beach,,,,,0%,
Red Bluff Motorsports,,,,,0%,
Right Side Up RV Sales,,,,,0%,
Riverside Powersports - Ottawa,,,,,0%,
Road Trip Camping,,,,,0%,
Robert Crist RV,,,,,0%,
Rocky Ridge RV,,,,,0%,
Rocky Ridge RV - Idabel,,,,,0%,
Rocky Ridge RV - McAlester,,,,,0%,
Rocky Ridge RV - Muskogee,,,,,0%,
Rocky Ridge RV - Nacogdoches,,,,,0%,
Rocky Ridge RV - Texarkana,,,,,0%,
Rocky Ridge RV - Tyler,,,,,0%,
Rona RV,,,,,0%,
Ron Hoover RV & Marine - Amarillo,,,,,0%,
Ron Hoover RV & Marine - Breckenridge,,,,,0%,
Ron Hoover RV & Marine - Lubbock,,,,,0%,
Ron Hoover RV & Marine - Odessa,,,,,0%,
Rooster's Harley-Davidson,,,,,0%,
Roseville Honda Motorsports,,,,,0%,
Roseville Powersports,,,,,0%,
"Ross Motorsports, Inc.",,,,,0%,
Roth RV - Bemidji,,,,,0%,
Roth RV - Grand Rapids,,,,,0%,
Roy's Rv Adventures,,,,,0%,
Royal Coach Sales,,,,,0%,
Royal RV & Auto Center,,,,,0%,
RPM Powersports LLC,,,,,0%,
Ruhnke Xtreme Cycles,,,,,0%,
Rv Connections,,,,,0%,
RV Connections Dothan,,,,,0%,
RV Country - Coburg,,,,,0%,
RV Country - Fife,,,,,0%,
RV Country - Flagstaff,,,,,0%,
RV Country - Fresno,,,,,0%,
RV Country - Klamath Falls,,,,,0%,
RV Country - Laughlin,,,,,0%,
RV Country - Mesa,,,,,0%,
RV Country - Mt. Vernon,,,,,0%,
RV Country - Sequim,,,,,0%,
RV Country - Sparks,,,,,0%,
RV Country - Tualatin,,,,,0%,
RV Depot,,,,,0%,
RV Dynasty,,,,,0%,
RV Land,,,,,0%,
RV Outfitters of Texas,,,,,0%,
"Rv Ready, Inc.",,,,,0%,
RV Station Bryan,,,,,0%,
RV Station Cleveland,,,,,0%,
RV Station Colbert,,,,,0%,
RV Station Donna,,,,,0%,
Rv Station Naco,,,,,0%,
RV Station Tyler,,,,,0%,
RV Station Victoria,,,,,0%,
RV Station Waco,,,,,0%,
RV There Yet,,,,,0%,
RV Value Mart - Asheboro,,,,,0%,
RV Value Mart - Bethlehem,,,,,0%,
RV Value Mart - Ephrata,,,,,0%,
RV Value Mart - Manheim,,,,,0%,
RV Value Mart - Willow Street,,,,,0%,
RV Wholesalers,,,,,0%,
RV World,,,,,0%,
San Diego Motorcycle Exchange,,,,,0%,
Seguin RV,,,,,0%,
ShareMyCoach,,,,,0%,
Simply Ride,,,,,0%,
Sky Powersports Sanford/Orlando,,,,,0%,
Sky River RV - Fresno,,,,,0%,
Smitty's Auto Sales & Leasing,,,,,0%,
Southeast Sales Powersports,,,,,0%,
Southern Honda Powersports,,,,,0%,
Southern Livery Sales,,,,,0%,
"Southland RV, LLC",,,,,0%,
Southland RV LaGrange,,,,,0%,
Southland RV Savannah,,,,,0%,
South Sound Honda Suzuki,,,,,0%,
Specialty Auto & Rv Sales,,,,,0%,
Specialty Motorsports,,,,,0%,
Spence Sales & Service,,,,,0%,
Sport Durst Powersports,,,,,0%,
Sportsman's Corner,,,,,0%,
SR1 RV - Manchester,,,,,0%,
SR1 RV - Turner,,,,,0%,
St. Louis RV,,,,,0%,
Stagecoach RV & Boat Sales & Service,,,,,0%,
Stahmann Sales Co.,,,,,0%,
Steinbring Motorcoach,,,,,0%,
Stevenson Auto Sales,,,,,0%,
Summit Rv,,,,,0%,
Sun & Fun Inc,,,,,0%,
Sun Country Powersports,,,,,0%,
Sun Powersports,,,,,0%,
Sun Powersports Colorado Springs,,,,,0%,
Sunrise Camping Center,,,,,0%,
Sunshine State RVs,,,,,0%,
Sun Sports Cycle & Watercraft,,,,,0%,
Suzuki of Carol Stream,,,,,0%,
T&S RV & Sport LLC - Bryan,,,,,0%,
T&S RV & Sport LLC - Livingston,,,,,0%,
T&S RV & Sport LLC - Navasota,,,,,0%,
TAC RV Sales Center,,,,,0%,
Team Charlotte Motorsports,,,,,0%,
Teddy Morse's Daytona Harley-Davidson,,,,,0%,
Texas RV Outlet,,,,,0%,
The Brothers,,,,,0%,
The Motorcoach Store,,,,,0%,
The Outpost RV Inc.,,,,,0%,
The RV Factory,,,,,0%,
The Rv Shop,,,,,0%,
The Showroom,,,,,0%,
The Toy Lot,,,,,0%,
Thomas Honda & Kawasaki,,,,,0%,
Thompson's Motorsports,,,,,0%,
TJ's Cycle Sales & Service,,,,,0%,
Tom Schaeffer's RV Super Store,,,,,0%,
Tonie's RV's Inc,,,,,0%,
Topper's Camping Center,,,,,0%,
Town & Country RV Center Inc,,,,,0%,
Treeline Vans,,,,,0%,
Triplenine Motors LLC,,,,,0%,
Triumph of Westchester,,,,,0%,
Trojan Landing Powersports,,,,,0%,
Trojan Power Sports,,,,,0%,
Truck City RV Sales,,,,,0%,
TX Vehicles,,,,,0%,
Unreal Moto,,,,,0%,
Uwharrie RV,,,,,0%,
Vacationland,,,,,0%,
Ventura Harley-Davidson,,,,,0%,
Virginia RV Sales,,,,,0%,
Wade's RV Clinic,,,,,0%,
Wheels RV,,,,,0%,
"Wild Child Cycles, LLC",,,,,0%,
Willie's RV,,,,,0%,
Willis and Co. RV,,,,,0%,
World Wide RV - Mesa,,,,,0%,
Yamaha Of Port Washington,,,,,0%,
Young's RV Center,,,,,0%,
Your RV Broker,,,,,0%,
Zoomers RV,,,,,0%,
Zoomers RV - Iowa,,,,,0%,
Zoomers RV of Illinois,,,,,0%,
1st Klas Marina,387 Route 507,Tafton,PA,18464,26%,
"50 North Yacht Sales, Service & Management",1551 Shelter Island Dr Ste 102,San Diego,CA,92106,44%,
918 Boats,12301 Crosstimbers Marina Dr,Sperry,OK,74073,17%,
A Boat House Inc.,13040 Veterans Memorial Hwy,Douglasville,GA,30134,59%,
Action Marine - South Dothan,2481 Reeves Street,Dothan,AL,36303,49%,
Action Water Sports - Fenton,8051 Old US-23,Fenton,MI,48430,25%,
Action Water Sports - Hudsonville,4155 32nd Ave,Hudsonville,MI,49426,43%,
Action Water Sports of Clermont,16212 State Rd 50,Clermont,FL,34711,43%,
Action Water Sports of Lake Charlevoix,00970 Marina Dr,Boyne City,MI,49712,23%,
Action Water Sports - Polk City,1251 Holy Cow Rd,Polk City,FL,33868,24%,
Action Water Sports - Traverse City,611 Olesons Commerce Dr,Traverse City,MI,49685,54%,
Action Water Sports - Waterford,3273 W Huron St,Waterford Township,MI,48328,24%,
"Admiralty Marine, Llc",609 US Hwy 41 Bypass S,Venice,FL,34285,56%,
Adventure Centre - ID #93714,,,,,0%,
Adventure Powersports Nashville,,,,,0%,
All Star Marine,,,,,0%,
Aloha Marine SWFL,1215 SE 10th St,Cape Coral,FL,33990,41%,
AMC Marine Sales and Service,,,,,0%,
American Marine - Algona,1417 E Commercial St,Algona,IA,50511,48%,
American Marine - Boaters Choice Marine,,,,,0%,
American Marine - Dubuque Iowa,1630 E 16th St Ext,Dubuque,IA,52001,43%,
American Marine - Hayward,15643 Cty Rd B,Hayward,WI,54843,44%,
AMERICAN MARINE INC.,522 E State Street,Algona,IA,50511,45%,
American Marine - La Crosse,922 Bainbridge St,La Crosse,WI,54603,96%,1
American Marine - Lake Holcombe Marina,26250 Co Hwy M,Holcombe,WI,54745,19%,
American Water Sports,,,,,0%,
American Water Sports Shell Knob,,,,,0%,
Anderson Marine Family Boating Center,,,,,0%,
Angler's Port Marine,13979 MO-7,Warsaw,MO,65355,41%,
Anglers Edge Marine,2325 Hwy 98 E,Carrabelle,FL,32322,21%,
Anglers Marine Inc. - Morehead City,5408 US-70,Morehead City,NC,28557,25%,
Appleton Boats,2639 S Oneida Street,Appleton,WI,54915,50%,
"Aquamarine, LLC",,,,,0%,
Aquarius Yacht Sales,1692 West End Drive,Point Pleasant,NJ,8742,17%,
"Aqua Sport Marine, LLC",6016 Leeville Pike,Lebanon,TN,37090,47%,
Atlanta Marine Lake Lanier,6450 Lanier Islands Pkwy,Buford,GA,30518,43%,
Atlantic Boats Inc,2820 Cranberry Highway,Wareham,MA,2571,18%,
Atlantic Coast Marine,13748 Atlantic Blvd,Jacksonville,FL,32225,47%,
Atlantic Outboard,475 Boston Post Rd,Westbrook,CT,6498,17%,
AUGUSTA MARINE,4250 Belair Frontage Road,Augusta,GA,30909,49%,
AZ Marine - Page,,,,,0%,
B & E Marine,31 Lake Shore Dr,Michigan City,IN,46360,18%,
Backwater Marine Repair,54 South Delsea Dr,Cape May Court House,NJ,8210,45%,
Badger Marine,715 State Hwy 73,Nekoosa,WI,54457,22%,
B and R Marine,,,,,0%,
Barnes Marine,,,,,0%,
Battleship Cycles & Marine,,,,,0%,
Bay Lake Marine,21517 Archibald Rd,Deerwood,MN,56444,56%,
Bay Marine & Sports Center,110 South Wirtz Dam Rd,Horseshoe Bay,TX,78657,20%,
Bay Outboard Marine Inc,,,,,0%,
Bayport Yachts,"2801 West Coast Hwy, Suite 270",Newport Beach,CA,92663,19%,
Beacon Light Marina,825 Bowleys Quarters Rd,Middle River,MD,21220,17%,
Bee's Sports,,,,,0%,
Beech Lake Marine Inc,,,,,0%,
Belford Motor Company,525 Route 36,Belford,NJ,7718,18%,
Bent Marine,8001 Airline Dr,Metairie,LA,70003,41%,
"Berry-Boger Yacht Sales, Inc.",2120 Sea Mountain Hwy Ste 2101,North Myrtle Beach,SC,29582,44%,
"Big Bend Marine, Inc.",,,,,0%,
BlackBeard Marine,,,,,0%,
BlackBeard Marine - Branson,,,,,0%,
BlackBeard Marine - Tulsa,,,,,0%,
Black Label Marine Group - Ocala,4211 NW Blitchton Rd,Ocala,FL,34482,61%,
Black Label Marine Group - Pinellas Park,7290 Park Blvd,Pinellas Park,FL,33781,67%,
Black Label Marine Group - Punta Gorda,5000 Deltona Dr,Punta Gorda,FL,33950,56%,
Blue Water Boats,,,,,0%,
Bluewater Marine Daytona,,,,,0%,
Bluewater Marine Fleming Island,,,,,0%,
Bluewater Marine - Jacksonville,,,,,0%,
Boat and Motor Superstores - Palm Harbor,,,,,0%,
BoatCraft Sales,,,,,0%,
Boater's World - Grand Prairie,,,,,0%,
Boater's World Marine Centers - Bradenton,,,,,0%,
Boater's World Marine Centers - Lake Placid  - ID#93405,,,,,0%,
Boaters Exchange - New Smyrna,,,,,0%,
Boaters Exchange - Rockledge,,,,,0%,
Boaters World-Islamorada,,,,,0%,
Boaters World Marine Center GA,,,,,0%,
Boating Atlanta,,,,,0%,
Boat Rack Chaparral Boat Showroom,,,,,0%,
Boat Ranch - Utah,,,,,0%,
Boatshed Texas,,,,,0%,
Boat Stuf - Harvey,,,,,0%,
Boat Stuf - Port Sulphur,,,,,0%,
Boat Stuf - Slidell,,,,,0%,
Boat Town - Austin,,,,,0%,
Boat Warehouse of the Midsouth,,,,,0%,
Bob Feil Boats and Motors,,,,,0%,
Bonita Boat Center,,,,,0%,
Bretz Rv & Marine Inc,,,,,0%,
Bretz RV & Marine - Nampa,1608 Industrial Road,Nampa,ID,83687,95%,1069
Brewer Cycles Inc,,,,,0%,
Broward Motorsports Hollywood,4101 Davie Road EXT,Hollywood,FL,33024,47%,
Broward Motorsports of Ft. Lauderdale,,,,,0%,
Broward Motorsports of Miami,,,,,0%,
Broward Motorsports of Port Richey,,,,,0%,
Broward Motorsports of Tequesta,,,,,0%,
Broward Motorsports of West Palm Beach,,,,,0%,
Broward Motorsports Treasure Coast,8401 SE Federal Hwy,Hobe Sound,FL,33455,59%,
Broward Motorsports West Orlando,16333 W. Colonial Drive,Oakland,FL,34787,28%,
Bud's Marine,,,,,0%,
Butler Marine - Beaufort,,,,,0%,
Butler Marine  - Charleston,,,,,0%,
Buy Boats US,1183 Lilly's Bridge Road,Mount Gilead,NC,27306,41%,
Buzz's Marine,,,,,0%,
C & O Marine,,,,,0%,
Cajun Outboards,7113 Hwy 1 South,Addis,LA,70710,23%,
California Custom Trailers & Power Sports,10391 E Stockton Blvd,Elk Grove,CA,95624,79%,19
California Custom Trailers & Power Sports - Merced,487 S Hwy 59,Merced,CA,95340,23%,
California Custom Trailers & Power Sports - Redding,1936 Twin View Blvd,Redding,CA,96003,61%,
Canyon Marine Llc,,,,,0%,
Capstan Yachts,,,,,0%,
"Captain's Choice Boats, Inc.",538 Eglin Pkwy NE,Fort Walton Beach,FL,32547,20%,
Captain's Marine Inc,3201 U.S. 93 South,Kalispell,MT,59901,51%,
Capt Kirk Marine-Mrg,,,,,0%,
Carolina Inboard,,,,,0%,
Carolina Mastercraft,,,,,0%,
Carolina Outboard,19535 US Hwy 17,Hampstead,NC,28443,25%,
"Castaway Yacht Sales LLC, Rick Lucas",,,,,0%,
Central Coast Boat Center,,,,,0%,
Central Georgia Marina,,,,,0%,
"Certified Sales, Inc. - Mendon, MA",19 Uxbridge Rd,Mendon,MA,1756,22%,
Champion Marine,,,,,0%,
Chesdin Boat Sales,"8724 Hickory Rd, Unit B",South Chesterfield,VA,23803,22%,
Clark Marine Center,420 Old Peytonsville Rd,Franklin,TN,37064,41%,
"Coastal Marine Center - Nokomis, FL",350 Buena Vista Dr.,Nokomis,FL,34275,52%,
Cold Water Lake Marina,626 Lake Dr,Coldwater,MI,49036,47%,
Copher's Boat Center,,,,,0%,
Coralville Lake Marina,,,,,0%,
Cove 2 Coast Marine - Berkeley County - Moncks Corner,2476 Savannah Hwy,Charleston,SC,29414,56%,
Cove 2 Coast Marine - Charleston,2476 Savannah Hwy,Charleston,SC,29414,59%,
Cove 2 Coast Marine - Columbia,1821 Lake Murray Blvd,Columbia,SC,29212,49%,
Cove 2 Coast Marine - Lake Lanier,6516 Lanier Islands Pkwy,Buford,GA,30518,41%,
Cove 2 Coast Marine - South Shore,3072 US-378,Leesville,SC,29070,41%,
Cove 2 Coast Marine - Sumter,455 E Liberty St,Sumter,SC,29153,49%,
Cove 2 Coast - Savannah - Richmond Hill,,Richmond Hill,GA,,51%,
Coyne Powersports,2351 S 4th St,El Centro,CA,92243,41%,
CYCLE WORLD,,,,,0%,
"D & R BOATS, INC.",271 US Highway 22,Green Brook,NJ,8812,21%,
D & R Boat World,271 US Highway 22,Green Brook,NJ,8812,21%,
D & R Sport Center,,,,,0%,
"Dave Bofill Marine, Inc - Dave Bofill",,,,,0%,
Deland Motor Sports,1420 N Volusia Ave.,Orange City,FL,32763,41%,
Diamond Marine,,,,,0%,
Dodd RV of the Peninsula,6326 George Washington Memorial Hwy,Yorktown,VA,23692,73%,
Downeast Marine,,,,,0%,
Dri-Port Marine,300 Lake Bluff Dr,O'Fallon,MO,63366,46%,
Dry Dock Boat Sales,,,,,0%,
Dry Dock Marine Center,,,,,0%,
Dunigan Marine Group,,,,,0%,
Dutchess Recreational Vehicles,,,,,0%,
E & R Boats,,,,,0%,
Echo Bay Marina,,,,,0%,
Elk Grove Power Sports,10297 E. Stockton Blvd,Elk Grove,CA,95624,73%,
Emerald Coast Marine,115 W John Sims Pkwy,Niceville,FL,32578,21%,
Empire Point Boating Center,2 Empire Blvd,Island Park,NY,11558,26%,
Encore Yacht Sales LLC,459 E Bay Ave,Barnegat,NJ,8005,17%,
Erwin Marine Sales - Huntsville,28571 US-431,Grant,AL,35747,25%,
Erwin Marine Sales Inc - Chattanooga,3001 Kings Point Road,Chattanooga,TN,37416,52%,
Escondido Cycle Center,1415 Montiel Rd,Escondido,CA,92026,26%,
F.R. SMITH & SONS,36 Sagamore Rd,Bolton Landing,NY,12814,26%,
Fay's Marina,909 Pine Lake Ave,La Porte,IN,46350,17%,
FB Marine Group,2311 SW 31st St,Fort Lauderdale,FL,33312,41%,
Fish Tale Boats,15581 S Tamiami Trail,Fort Myers,FL,33908,59%,
Five Span Marina,19687 SR 637,Defiance,OH,43512,41%,
Five Star Powersports,499 PA-764,Duncansville,PA,16635,47%,
"Foothills Marine, Inc. - Morganton",1331 N Green Street,Morganton,NC,28655,44%,
Foothills Marine of Lake Norman,1199 River Hwy,Mooresville,NC,28117,47%,
Formula Boats - Coconut Grove,2640 S Bayshore Dr Suite 208,Miami,FL,33133,47%,
Formula Boats - Naples,909 10th Street South Suite 103,Naples,FL,34102,49%,
"Fred Cummings Motorsports AKA E & F Cummings, Inc.",2211 Chester Avenue,Bakersfield,CA,93301,46%,
Freedom Boat Club- Austin,,,,,0%,
Freedom Boat Club of Hampton Roads,,,,,0%,
Freedom Marine Center LLC,19220 U.S. Hwy 431,Guntersville,AL,35976,50%,
Freeway Sports Center,,,,,0%,
Fun N Sun Boats N Tackle - Cleburne,,,,,0%,
Fun N Sun Boats N Tackle - Hurst,,,,,0%,
Gagnon Boats & Motors LLC,,,,,0%,
Gainesville Marina & Boat Sales,,,,,0%,
Germaine Marine - American Fork,,,,,0%,
Germaine Marine - St. George,,,,,0%,
German Brothers Marina,,,,,0%,
Gerry's Marina,,,,,0%,
Get Wet Marine,,,,,0%,
G-Force Powersports - Lakewood,,,,,0%,
Goodhue & Hawkins Navy Yard LLC,,,,,0%,
Goodhue Blackwater Real Property LLC,,,,,0%,
"Goodhue Boat Company, Middleton",,,,,0%,
"Goodhue Boat Company, Winnisquam",,,,,0%,
Goodhue Meredith LLC,,,,,0%,
Goodhue Naples LLC,,,,,0%,
Goodhue Ossipee LLC,,,,,0%,
Goodhue Sebago LLC,,,,,0%,
Goodhue SML LLC,,,,,0%,
Goodhue SoCal LLC,,,,,0%,
Grander Marine,26754 Canal Road,Orange Beach,AL,36561,18%,
Grander Marine Panama City,3901 Thomas Dr,Panama City Beach,FL,32408,53%,
Grander Marine- Port Saint Joe,340 Marina Drive,Port Saint Joe,FL,32456,28%,
"GRAND POINTE MARINA, INC GRAND POINTE MARINA OF DETROIT",33631 Van Dyke Ave,Sterling Heights,MI,48312,41%,
Grand Pointe Marina of Lansing - ID#93238,7086 Creyts Rd,Dimondale,MI,48821,18%,
Great Bay Marine,2937 Sunrise Hwy,Islip Terrace,NY,11752,17%,
Great Bay Marine - Babylon,24 Post Place,Babylon,NY,11702,15%,
Great Bay Marine - Bellport,,,,,0%,
Great Bay Marine - Flanders,1110 Flanders Rd,Flanders,NY,11901,19%,
Great Bay Marine - Lindenhurst,565 W Montauk Highway,Lindenhurst,NY,11757,17%,
Gregg Orr Marine & RV - CORPORATE,3115 E 54th St,Texarkana,TX,71854,55%,
G Tech Marine Inc,,,,,0%,
Gulfcoast Boat & Yacht Sales,,,,,0%,
Gulf Coast Marine - Corpus Christi,10121 South Padre Island Drive,Corpus Christi,TX,78418,74%,
Gulf Shores Power Sports,,,,,0%,
Gull Boats & RV's,,,,,0%,
"Gull Lake Marine Center, Inc. - Richland",,,,,0%,
Gull Lake Marine - Coopersville,,,,,0%,
Gull Lake Marine- South Haven,,,,,0%,
Hall's Sport Center,4 Harbor Island Dr,Grand Haven,MI,49417,17%,
Hall's Sport Center - Grand Rapids,4020 W River Dr NE,Comstock Park,MI,49321,59%,
Hamlin's Marine - Hampden,581 Main Street North,Hampden,ME,4444,23%,
Hammertime Sports,,,,,0%,
Hampton Watercraft and Marine - Eastport,50 South Bay Ave,Eastport,NY,11941,17%,
Hampton Watercraft and Marine - Hampton Bays,44 Newtown Rd,Hampton Bays,NY,11946,18%,
H and M Marine,,,,,0%,
Hannay's Marine,2550 New Brighton Blvd,Minneapolis,MN,55418,18%,
Hans' Boat Works,15366 Avenue 296,Visalia,CA,93292,18%,
Happy Days Boating,4151 Fremont Road,Port Clinton,OH,43452,46%,
Harper Cycle & Marine LLC,1108 Spartanburg Hwy,Hendersonville,NC,28792,47%,
Hawkeye Boat & RV Sales,2385 Kerper Blvd,Dubuque,IA,52001,88%,159
Heartland Marine,3385 230th St,Sumner,IA,50674,18%,
Hennepin Marine Inc.,,,,,0%,
Hey Dude Marine,1127 Cedar Point Blvd,Cedar Point,NC,28584,59%,
Highway Marine Service Inc.,875 N. West End Blvd. (Rt 309),Quakertown,PA,18951,16%,
Hilltop Marine,74 Shaw Ln,Bronston,KY,42518,18%,
Honda of the Ozarks,2055 E Kerr St,Springfield,MO,65803,51%,
Honda Powersports Of Crofton,745 State Route 3 North,Gambrills,MD,21054,62%,
HouseBoats Buy Terry,,,,,0%,
"Hubers Marine, Inc.",1350 Pine Lake Ave,La Porte,IN,46350,17%,
Hughes Marine Service - Danville,3815 US-29,Danville,VA,24540,15%,
Hutch's Marine,636 Miller Rd,Coldwater,MI,49036,46%,
Hutchinsons Boat Works Inc,27 Holland Street,Alexandria Bay,NY,13607,18%,
I-90 Motorsports,200 NE Gilman Blvd,Issaquah,WA,98027,17%,
Idaho Marine,4000 Fairview Avenue,Boise,ID,83706,49%,
Indian River Marina,3020 Apple Blossom Road,Indian River,MI,49749,17%,
"Indoor Boat Storage, Inc.",,,,,0%,
Inland Marine Inc,612 Putnam Pike Rt 44,Chepachet,RI,2814,14%,
Intrinsic Yacht & Ship,750 Boucher Ave,Annapolis,MD,21403,14%,
Irish Boat Shop - Charlevoix,13000 Stover Road,Charlevoix,MI,49720,18%,
Irish Boat Shop - Harbor Springs,400 East Bay Street,Harbor Springs,MI,49740,21%,
Irish Boat Shop - Traverse City,988 W. Commerce Dr.,Traverse City,MI,49685,54%,
Island Lake Marine & Sports - Fort Collins,5887 SW Frontage Rd,Fort Collins,CO,80528,71%,
Island Lake Marine & Sports - Las Vegas,686 Wells Rd,Boulder City,NV,89005,41%,
"Island Watersports, LLC",39084 Harpoon Rd,Fenwick Island,DE,19944,18%,
J & K Marine - Detroit Lakes,24147 Wine Lake Rd,Detroit Lakes,MN,56501,95%,17
J & K Marine - Ottertail,238 MN-78,Ottertail,MN,56571,18%,
J & K Marine - Walker,6913 State Hwy 371 NW,Walker,MN,56484,53%,
Jacksonville Boat Sales,14603 Beach Blvd,Jacksonville Beach,FL,32250,43%,
Jet Blast Of MS,3410 A Avenue,Gulfport,MS,39507,56%,
Jet Ski of Miami & Fisherman's Boat Group,3800 NW 27th Ave,Miami,FL,33142,61%,
Jonesboro Cycle & Atv,,,,,0%,
"Kaylor's Marine Service, Inc",,,,,0%,
Kent Powersports,,,,,0%,
King Motors,,,,,0%,
Krenzer Marine,8495 Greig Street,Sodus Point,NY,14555,18%,
Krenzer Marine - Ithaca,435 Taughannock Blvd,Ithaca,NY,14850,18%,
Lafayette Powersports,612 Beau Pre Road,Lafayette,LA,70508,49%,
Lake Geneva Marine Company,,,,,0%,
Lake Greenwood Marine,,,,,0%,
Lake Norman Boat Sales and Service,,,,,0%,
Lake Norman Marina,6965 NC Hwy 150,Sherrills Ford,NC,28673,62%,
Lake Perry Yacht & Marina,,,,,0%,
LAKE PLACID MARINE INC.,310 U.S. 27 South,Lake Placid,FL,33852,56%,
Landmark Yacht Sales,,,,,0%,
LaPointes Classic Boat & Motor,,,,,0%,
Leaders RPM,,,,,0%,
Lee's Auto and RV,,,,,0%,
Legacy Marine - Stuart,,,,,0%,
LHG Marine Inc,,,,,0%,
Liberty Marine Center,,,,,0%,
Lighthouse Harbor Marina,,,,,0%,
"Lima & Sons Marine, LLC",,,,,0%,
Loewer Powersports,,,,,0%,
Long Lake Marina Interlochen,,,,,0%,
Long Lake Marine - Naples,,,,,0%,
M & M Lawn & Leisure-Pine Island,,,,,0%,
M2O Marine,,,,,0%,
Marco Yacht Sales,,,,,0%,
Marietta Marine,,,,,0%,
MarineMax - Boston,64 Washington Court,Quincy,MA,2169,18%,
MarineMax - Brant Beach,20 W. 44th Street,Brant Beach,NJ,8008,16%,
MarineMax - Brick,1500 Riverside Dr. N.,Brick,NJ,8724,17%,
MarineMax - Charleston,152 Sportsman Island Drive,Charleston,SC,29492,50%,
MarineMax - Clearwater,18025 US 19 N,Clearwater,FL,33764,68%,
MarineMax - Cocoa,1410 King Street,Cocoa,FL,32922,63%,
MarineMax Corporate,,,,,0%,
MarineMax - Crosslake,36448 County Road 66,Crosslake,MN,56442,61%,
MarineMax - Dallas,1490 N. Stemmons Freeway,Lewisville,TX,75067,59%,
MarineMax - Dallas (Yacht Center),1481 E. Hill Park Rd.,Lewisville,TX,75056,41%,
MarineMax - Danvers,10 Hutchinson Drive,Danvers,MA,1923,14%,
MarineMax East Florida Yacht Center - Dania,490 Taylor Lane,Dania Beach,FL,33004,43%,
MarineMax - Excelsior,141 Minnetonka Blvd,Excelsior,MN,55331,18%,
MarineMax - Fort Myers,14030 McGregor Blvd,Fort Myers,FL,33919,59%,
MarineMax - Ft Walton Beach,14 Miracle Strip Parkway SW,Fort Walton Beach,FL,32548,21%,
MarineMax - Grand Lake,28100 S Hwy 125,Monkey Island,OK,74331,23%,
MarineMax - Greenville,14 Burty Road,Greenville,SC,29605,57%,
MarineMax - Gulf Shores,3829 Gulf Shores Parkway,Gulf Shores,AL,36542,17%,
MarineMax - Houston,3001 NASA Parkway,Seabrook,TX,77586,21%,
MarineMax - Huntington,155 West Shore Road,Huntington,NY,11743,21%,
MarineMax - Islamorada,80460 Overseas Hwy,Islamorada,FL,33036,25%,
MarineMax Jacksonville at Beach Marine,2079 Beach Blvd.,Jacksonville Beach,FL,32250,49%,
MarineMax - Jupiter,1095 N Hwy A1A,Jupiter,FL,33477,21%,
MarineMax - Kent Island,448 Kent Narrow Way North,Grasonville,MD,21638,16%,
MarineMax - Lake Hopatcong,134 Espanong Rd.,Lake Hopatcong,NJ,7849,18%,
MarineMax - Lake Lanier,1860 Bald Ridge Marina Road,Cumming,GA,30041,41%,
MarineMax - Lake Norman Cornelius,9209 Westmoreland Road,Cornelius,NC,28031,19%,
MarineMax - Lake Ozark,3070 Bagnell Dam Blvd.,Lake Ozark,MO,65049,24%,
MarineMax - Lake Wylie,310 Blucher Circle,Lake Wylie,SC,29710,26%,
MarineMax - Marathon,77 Coco Plum Dr,Marathon,FL,33050,17%,
MarineMax - Miami,700 NE 79th Street,Miami,FL,33138,55%,
MarineMax - Naples,1146 6th Avenue South,Naples,FL,34102,50%,
MarineMax - Nisswa,24238 Smiley Road,Nisswa,MN,56468,18%,
MarineMax - Norwalk,130 Water Street,Norwalk,CT,6854,18%,
MarineMax - Ocean Reef (Key Largo),,,,,0%,
MarineMax - Ocean View,2602 Shore Road (Route 9),Ocean View,NJ,8230,61%,
MarineMax - Osage Beach,4543 Osage Beach Parkway,Osage Beach,MO,65065,17%,
MarineMax - Panama City,3605 Navy Blvd,Panama City Beach,FL,32408,50%,
MarineMax - Pensacola,1901 Cypress Street,Pensacola,FL,32502,55%,
MarineMax - Pompano,700 South Federal Highway,Pompano Beach,FL,33062,26%,
MarineMax - Rogers,20300 County Rd 81,Rogers,MN,55374,49%,
MarineMax - Sarasota,1601 Ken Thompson Parkway,Sarasota,FL,34236,50%,
MarineMax - Savannah,3518 Old Tybee Road,Thunderbolt,GA,31410,22%,
MarineMax - Somers Point,600 Bay Avenue,Somers Point,NJ,8244,18%,
MarineMax - St Petersburg,6810 Gulfport Boulevard,St Petersburg,FL,33707,21%,
MarineMax - Stuart,2370 SW Palm City Road,Stuart,FL,34994,50%,
MarineMax - Venice,1485 S. Tamiami Trail,Venice,FL,34285,53%,
MarineMax - Wakefield,362 Pond Street,Wakefield,RI,2879,14%,
MarineMax - Westbrook,627 Boston Post Road,Westbrook,CT,6498,17%,
MarineMax - Wrightsville Beach,130 Short Street,Wrightsville Beach,NC,28480,24%,
MarineMax Yacht Center - Pompano Beach,750 South Federal Highway,Pompano Beach,FL,33062,24%,
Marine World of Texas,1125 TX-110,Whitehouse,TX,75791,19%,
Mark's Leisure Time Marine - Avon,2979 Lakeville Rd,Avon,NY,14414,18%,
Mark's Leisure Time Marine - Canandaigua,200 Eastern Blvd.,Canandaigua,NY,14424,18%,
Mark's Leisure Time Marine - Conesus,5364 E Lake Road,Conesus,NY,14435,37%,
Mark's Leisure Time Marine - Syracuse,9122 Brewerton Rd,Brewerton,NY,13029,56%,
Marshall's Marine - Georgetown,507 Church Street,Georgetown,SC,29440,60%,
Marshall's Marine - Lake City,114 E. Myrtle Beach Hwy,Lake City,SC,29560,26%,
Master Marine Boat Center Inc.,,,,,0%,
Mcduffie Marine & Sporting Goods,1866 W. Hwy 90,Lake City,FL,32055,41%,
McLaughlin's RV & Marine,,,,,0%,
McLaughlin's RV & Marine - Detroit Lakes,,,,,0%,
McLaughlin RV & Marine - Brainerd,,,,,0%,
"Mega Power Sports, Inc.",,,,,0%,
Meredith Marina,2 Bayshore Dr,Meredith,NH,3253,14%,
Mid-Carolina Marine,718 Sunset Blvd,West Columbia,SC,29169,56%,
Mid Indiana Marine,28800 North State Road 19,Atlanta,IN,46031,24%,
Midlantic Marine Center,36624 DuPont Blvd,Selbyville,DE,19975,23%,
Mid-South Marine,133 Twin Hills Dr.,Byhalia,MS,38611,17%,
Midwest Water Sports - Crystal,5160 West Broadway Ave,Crystal,MN,55429,23%,
Miller Marine,,,,,0%,
Montana Honda & Marine - ID#93361,,,,,0%,
Motoport U.S.A.,,,,,0%,
Motosport Hillsboro,809 NE 28th Avenue,Hillsboro,OR,97124,50%,
Munson Ski & Marine - Chain O'Lakes,,,,,0%,
Munson Ski & Marine - Fontana,160 Fontana Blvd,Fontana,WI,,15%,
"Munson Ski & Marine - McHenry, IL",,,,,0%,
N & C Marine,16625 GA-17,Martin,GA,30557,19%,
National Vehicle,,,,,0%,
Nature Coast Boats,1955 S Suncoast Blvd,Homosassa,FL,34448,59%,
Nautical Ventures Marine Center - Fort Lauderdale,1400 S. Federal Hwy,Fort Lauderdale,FL,33316,55%,
Nautical Ventures Marine Center - Palm Beach,139 Shore Court,North Palm Beach,FL,33408,28%,
Nautical Ventures Marine Center - Pensacola,700 Myrick St Suite D,Pensacola,FL,32505,47%,
Nautical Ventures Marine Center - Sarasota,8050 N. Tamiami Trail,Sarasota,FL,34243,54%,
Nautical Ventures Marine Center - Tampa Bay,1925 US Hwy 19,Holiday,FL,34691,59%,
New England Boat Company,20 Aspen Way,Oakland,RI,2858,14%,
New England WaterSports,,,,,0%,
New England Water Sports - Naples,96 Roosevelt Trail,Naples,ME,4055,25%,
New Orleans Powersports,,,,,0%,
New Orleans Powersports Northshore,,,,,0%,
North Florida Yacht Sales,,,,,0%,
North Texas Marine - Fort Worth,,,,,0%,
North Texas Marine - Gainesville,,,,,0%,
Nunmaker Yachts,112 Highway 22 East,Madisonville,LA,70447,21%,
Off Shore Marine,27 Main Street,Branchville,NJ,7826,41%,
Off Shore Marine,,,,,0%,
Offshore Visual Marketing,,,,,0%,
Omaha Marine Center,,,,,0%,
"Overby Marine Sales & Service, Inc. - Kittrel",480 Bobbitt Rd,Kittrell,NC,27544,41%,
Overby Marine Sales & Service Inc - Littleton,1847 Eaton Ferry Rd,Littleton,NC,27850,17%,
Ozarks Powersports,,,,,0%,
Pacific Boatland,,,,,0%,
Palmetto Boat Sales,,,,,0%,
Parker Boat And Motors,,,,,0%,
"Parks Marina, Inc. - Okoboji",,,,,0%,
"Parks Marina, Inc. - Sioux Falls",,,,,0%,
Patona Bay Boat Service,,,,,0%,
Patriot Marine Sales and Service LLC,,,,,0%,
"Pelican Marine Center, Inc.",,,,,0%,
Performance East - Cedar Point,,,,,0%,
Performance Powersports,,,,,0%,
PHX Marine,,,,,0%,
Pier 33,,,,,0%,
Platinum Powersports of Coloma,,,,,0%,
Pocket Yacht Company - Grasonville,,,,,0%,
Pop Yachts,,,,,0%,
Port Harbor Marine - Holden,,,,,0%,
Port Harbor Marine - Kittery,,,,,0%,
Port Harbor Marine - Middleton,,,,,0%,
Port Harbor Marine - Raymond,,,,,0%,
Port Harbor Marine - Rockport,,,,,0%,
Port Harbor Marine - South Portland,,,,,0%,
"POSSUM KINGDOM MARINE, LP",,,,,0%,
Power Lodge Brainerd,17821 MN-371,Brainerd,MN,56401,55%,
Power Lodge Twin Cities,,,,,0%,
Powersports of America,,,,,0%,
Quest Watersports - IL,,,,,0%,
Race City Marine,,,,,0%,
Reed's Marine - Delavan,,,,,0%,
Reeder Trausch Marine,,,,,0%,
Reeder Trausch Marine Indy,,,,,0%,
Reed Yacht Sales - Grand Haven,,,,,0%,
Reed Yacht Sales - Lasalle,,,,,0%,
Reed Yacht Sales- Racine,,,,,0%,
Reno's Powersports KC,,,,,0%,
Reynolds Boats,,,,,0%,
Rice Motorsports,,,,,0%,
RIDEZILLA,,,,,0%,
Riva Motorsports Key Largo,102550 Overseas Hwy,Key Largo,FL,33037,68%,
Riva Motorsports Miami,11995 SW 222nd St,Miami,FL,33170,54%,
Riva Motorsports Space Coast,,,,,0%,
Riva Motorsports Superstore,,,,,0%,
River Valley Marine,,,,,0%,
River Valley Marine - Rochester,,,,,0%,
River Valley Power & Sport – Red Wing,,,,,0%,
Roaming Rock Marina,,,,,0%,
Roger's Performance Marine - Hurricane,140 N. Hwy 91,Hurricane,UT,84737,53%,
Roger's Performance Marine - North Salt Lake,1009 Recreation Way,North Salt Lake,UT,84054,53%,
Ron Hoover RV & Marine - Breckenridge,,,,,0%,
Ron Hoover RV & Marine - Corpus Christi,,,,,0%,
Ron Hoover RV & Marine - Donna,,,,,0%,
Ron Hoover RV & Marine - Galveston,,,,,0%,
Ron Hoover RV & Marine - Georgetown,,,,,0%,
Ron Hoover RV & Marine - North Houston,,,,,0%,
Ron Hoover RV & Marine - Odessa,,,,,0%,
Ron Hoover RV & Marine - Rockport,,,,,0%,
Ron Hoover RV & Marine - San Antonio,,,,,0%,
Ron Hoover RV & Marine - West Houston,,,,,0%,
"Ross Motorsports, Inc.",,,,,0%,
Roth RV,,,,,0%,
Rothwell Marine,,,,,0%,
Route 1 Motorsports,,,,,0%,
RPM Cycles,,,,,0%,
RPM Sports,,,,,0%,
Schneider's Motorsports And Marine,,,,,0%,
Seacliff Yacht Sales,,,,,0%,
Seacoast Yachts - Channel Islands,,,,,0%,
Seacoast Yachts - LA Harbor,,,,,0%,
Seacoast Yachts - Long Beach,,,,,0%,
Seacoast Yachts - Marina del Rey,,,,,0%,
Seacoast Yachts - Santa Barbara,,,,,0%,
SEALAND MARINE - OMAHA,,,,,0%,
Seattle Boat Company - Bellevue,,,,,0%,
Seattle Boat Company - Lake Tapps,,,,,0%,
Seattle Boat Company - Seattle,,,,,0%,
Shady Creek Sales Inc,,,,,0%,
Shoreline Boat Center,,,,,0%,
Shoreline Marine,,,,,0%,
Silver Seas Yachts - Newport Beach,,,,,0%,
Silver Seas Yachts - San Diego,,,,,0%,
Silver Seas Yachts - Sausalito,,,,,0%,
Silver Seas Yachts - Seattle,,,,,0%,
Skier's Marine - Athens,,,,,0%,
Skier's Marine - Chattanooga,,,,,0%,
Skier's Marine - GA,,,,,0%,
Skier's Marine - Jackson,,,,,0%,
Skier's Marine - Lake Martin,,,,,0%,
Skier's Marine- Lake Oconee,,,,,0%,
Skier's Marine - Smith Lake,,,,,0%,
Skiers Marine Memphis,,,,,0%,
"Skiers Marine - Westover, AL",,,,,0%,
SkipperBud's - Bay City,,,,,0%,
SkipperBud's - Grand Haven,11 Harbor Island Drive,Grand Haven,MI,49417,21%,
SkipperBud's - Harrison Township,,,,,0%,
SkipperBud's - Lake Fenton,14016 Fenton Road,Fenton,MI,48430,20%,
SkipperBud's - Lake Geneva,W6799 Brick Church Road,Walworth,WI,53184,21%,
SkipperBud's - Madison,,,,,0%,
SkipperBud's - North Point,215 North Point Drive,Winthrop Harbor,IL,60096,17%,
SkipperBud's - Oshkosh,1351 Egg Harbour Lane,Oshkosh,WI,54904,49%,
SkipperBud's - Pewaukee,,,,,0%,
SkipperBud's - Port Clinton Marina Del Isle,,,,,0%,
SkipperBud's - Sequoit Harbor,,,,,0%,
SkipperBud's - Sturgeon Bay,705 Quarterdeck Lane,Sturgeon Bay,WI,54235,53%,
SkipperBud's - Waterford,,,,,0%,
Sky Marine Orlando,4165 North US 17,Sanford,FL,32773,41%,
Smith Motor Company,6793 US Highway 98,Hattiesburg,MS,39402,53%,
Smith Mountain Boat,167 Morgans Fork Road,Penhook,VA,24137,17%,
Smithville Marine,208 N US Hwy 169,Smithville,MO,64089,50%,
South Mountain Yachts,,,,,0%,
Spicer Marine Basin,40616 Marina Rd,Clayton,NY,13624,18%,
Splash Boat Sales LLC,,,,,0%,
Sportcraft Marina Inc.,13200 SE McLoughlin Blvd.,Portland,OR,97222,59%,
Sportsman's Marina,1404 Bay Terrace,North Beach Haven,NJ,8008,18%,
SR1 RV - Turner,,,,,0%,
Starling Marine,4957 Arendell St.,Morehead City,NC,28557,24%,
St Cloud Toyota - Bee Line,8805 Ridgewood Ct.,St. Joseph,MN,56374,24%,
Sunrise Cycle & Watercraft,,,,,0%,
Superior Boat Repair & Sales,11337 Pyrites Way,Rancho Cordova,CA,95670,41%,
Swan Point,,,,,0%,
Sweetwater Performance Center,501 S Main Street,Oshkosh,WI,54902,51%,
Swenson Bros Marine,,,,,0%,
Sylacauga Marine & ATV,2670 Old Birmingham Highway,Sylacauga,AL,35150,21%,
T & S Marine,,,,,0%,
Tahoe Boat Repair & Storage,,,,,0%,
Talley’s Pier 77 Marine,,,,,0%,
The Boat House - Lake Geneva,,,,,0%,
The Boat House - Naples,,,,,0%,
The Boat House of Cape Coral,,,,,0%,
The Boat House of Chicago,,,,,0%,
The Boat House of Door County,,,,,0%,
The Boat House of Lake Country,,,,,0%,
The Boat House of Lauderdale Lakes,,,,,0%,
The Boat House of Port Charlotte,,,,,0%,
The Boat House of Whitewater,,,,,0%,
The Boat House - Three Lakes,,,,,0%,
The Boat Shed,211 Church St,Georgetown,SC,29440,47%,
The Boat Shop Lake Lanier - Gainesville,,,,,0%,
The Boat Yard,6440 Westbank Expressway,Marrero,LA,70072,14%,
The Harbor at Newville,,,,,0%,
The Shoreline Yacht Group,,,,,0%,
Tobler Marina,,,,,0%,
Toho Marine Outdoors,,,,,0%,
Tom-n-Jerrys Boat Center Inc.,,,,,0%,
Tonka Bay Marina,,,,,0%,
Topline RV & Marine,,,,,0%,
True North Yacht Sales & Service,,,,,0%,
Ultimate Marine - New Smyrna Beach,,,,,0%,
USA Marine Inc.,,,,,0%,
Valley Marine,,,,,0%,
Vermilion Marina,,,,,0%,
Vern Eide Motoplex/Vision Video Interactive,,,,,0%,
Veteran Yacht Sales,,,,,0%,
VS Marine Boating Center,,,,,0%,
Wake Authority,,,,,0%,
Wakeside Marine,,,,,0%,
Warners Dock,,,,,0%,
Waterfront Marine - Brick,,,,,0%,
Waterfront Marine Yacht Sales - Edgewater,,,,,0%,
Waterfront Marine Yacht Sales - Somers Point,,,,,0%,
Waylen Bay Marine - Saint Augustine,,,,,0%,
West Shore Marine,,,,,0%,
West Yachts,,,,,0%,
Whisper Outdoor,,,,,0%,
Whisper Outdoor - Lutz,,,,,0%,
White's Landing and Marina,,,,,0%,
Wilson Watersports,,,,,0%,
Wolcott Marine,,,,,0%,
Woodland Marine,,,,,0%,
Workman Marine,,,,,0%,
W S Yacht Brokers - Portland,,,,,0%,
W S Yacht Brokers - San Diego,,,,,0%,
W S Yacht Brokers - Seattle,,,,,0%,
Yachtfinders Windseakers,,,,,0%,
"Yachtmasters Yacht Brokerage, Inc.",,,,,0%,
Yacht Works - FL,,,,,0%,
YACHT WORKS - Sister Bay,,,,,0%,
Yamaha Marine Center,,,,,0%,
Y Marina,,,,,0%,
3 Rock RV Center,1648 Route 36,Brookville,PA,15825,87%,281
A Boat House,13040 Veterans Memorial Highway,Douglasville,GA,30134,59%,
Affordable RV Rentals,9994 Hillview Road,Newcastle,CA,95658,47%,
AMC Marine Sales & Service,7900 South Wayne Street,Hamilton,IN,46742,24%,
AOK RV's,621 North Main Street,Gravois Mills,MO,65037,46%,
Bailey's RV Sales,500 North John Redditt Drive,Lufkin,TX,75904,72%,
Bayer RV,18417 South US Highway 377,Dublin,TX,76446,80%,177
Bennett's Camping Center,2708 East Highway 377,Granbury,TX,76049,84%,4
Blue Fox RV,390 West 2500 North,North Logan,UT,84341,57%,
Boulevard Trailers,2 Oriskany Boulevard,Whitesboro,NY,13492,90%,42
Calvin Country RV,42706 West Highway 66,Depew,OK,74028,90%,56
Captain's Marine,3201 US Hwy 93 S,Kalispell,MT,59901,62%,
Carolina RV Sales and Service,4750 Ashville Highway,Hendersonville,NC,28791,71%,
Cassones RV,3032 East Main Street,Mesa,AZ,85213,59%,
Central Georgia Marina,6500 Moseley Dixon Road,Macon,GA,31220,41%,
Chesdin Boat Sales,8724 Hickory Road,South Chesterfield,VA,23803,22%,
Clark Marine,57 Puddledock Road,Manchester,ME,4351,41%,
Clearview R.V.,17104 Highway 9 Southeast,Snohomish,WA,98296,73%,
Coldwater Lake Marina,626 Lake Drive,Coldwater,MI,49036,49%,
Colorado RV Center,26076 Highway 160,South Fork,CO,81154,87%,15
Coolhorse,6951 South Bell Street,Amarillo,TX,79109,78%,33
Copher's Boat Center,8111 Highway 271 South,Fort Smith,AR,72908,51%,
Country Side RV,3876 U.S. 281,Jamestown,ND,58401,74%,
Custom Truck Accessories,3244 South Carson Street,Carson City,NV,89701,90%,49
Dave's RV Center,2 Industrial Plaza Road,Danbury,CT,6810,26%,
Dawson Boat Center,3509 South Broad Street,Scottsboro,AL,35769,45%,
D & L Auto Glass and More,602 7th Street Southwest,Roseau,MN,56751,78%,73
DNL Recreation,3731 8th Street South,Wisconsin Rapids,WI,54494,88%,310
Downeast Marine,455 Highway 70 Otway,Beaufort,NC,28516,41%,
Dri-Port Marine,300 Lake Bluff Drive,O'Fallon,MO,63366,46%,
EJ RV Sales,3852 North Highway 63,West Plains,MO,65775,72%,
Fish Tale Sales & Service,15581 South Tamiami Trail,Fort Myers,FL,33908,59%,
Five Span Marina,19687 SR 637,Defiance,OH,43512,41%,
Fuller RV,150 Shrewsbury Street Route 140,Boylston,MA,1505,71%,
Galaxy Campers,1033 W Holt Blvd,Ontario,CA,91762,90%,100
Garland RV,10030 Highway 79 North,Springville,TN,38256,78%,798
Gateway RV Center,1377 West Idaho Street,Elko,NV,89801,87%,424
Gerber RV Truck and Bus,60 Burlews Court,Hackensack,NJ,7601,92%,4
Gerton Auto Sales,201 West 2nd Street,Mount Vernon,IN,47620,58%,
Holiday Harbor Boating Center,5989 Groovers Landing Road,Acworth,GA,30102,46%,
Huber's Marine,1207 Pine Lake Avenue,La Porte,IN,46350,17%,
Idaho Marine,4000 W Fairview Avenue,Boise,ID,83706,49%,
Indian Shores RV,7880 Indian Shores Road,Woodruff,WI,54568,87%,93
Jensen's RV Center of Cadillac,7145 East 34 Road,Cadillac,MI,49601,85%,70
Jim's Trailer Sales,11920 Avon Belden Road,Grafton,OH,44044,84%,667
Joe's Camper Sales,2417 S Broadway St,New Ulm,MN,56073,88%,638
Kanar RV Sales,1526 Early Boulevard,Early,TX,76802,87%,209
Kay's RV,2107 Route 66,Moriarty,NM,87035,71%,
Keepers RV,19989 584th Avenue,Mankato,MN,56001,85%,247
Liberty RV of Gettysburg,40 Knight Rd,Gettysburg,PA,17325,93%,128
Lowry's RV Center,3510 Highway 180 East,Silver City,NM,88061,84%,87
Mid-Indiana Marine,28800 North State Road 19,Atlanta,IN,46031,24%,
Mountain Luxe RV,3600 South Jason Street,Englewood,CO,80110,51%,
Nature Coast Boats,1955 South Suncoast Boulevard,Homosassa,FL,34448,59%,
Nevada RV,6957 Speedway Boulevard,Las Vegas,NV,89115,51%,
Next Level Powersports,1511 Hwy 62 E,Mountain Home,AR,72653,59%,
Northeast Motorsports,451 Carl Broggi Hwy,Lebanon,ME,4027,59%,
Northern RV Center,W7081 Highway US 2,Quinnesec,MI,49876,71%,
Off Shore Marine,357 Route 206,Branchville,NJ,7826,47%,
Parker Boats & Motors,5909 Canyon Dr,Amarillo,TX,79110,56%,
Polar RV Sales,72 South Broadway,Salem,NH,3079,52%,
Rick's RV Sales,1571 East Main Street,Ville Platte,LA,70586,85%,443
Riley's RV World,2018 State Route 45 North,Mayfield,KY,42066,90%,481
Robert Handy Camping Center,4387 West US-421 North,Wilkesboro,NC,28697,76%,303
RV Sales,2109 Historic US West 66,Moriarty,NM,87035,58%,
RV World,14900 US Highway 19 North,Clearwater,FL,33764,75%,1
Siren Camper Corral,25014 State Road 35,Siren,WI,54872,95%,258
Smith Mountain Boat & Tackle,167 Morgans Fork Road,Penhook,VA,24137,17%,
S&M Wheelestate Sales,4044 US Hwy 70 W,Princeton,NC,27569,80%,26
So Cal RV Sales & Service,41451 Los Alamos Rd,Murrieta,CA,92562,41%,
Southwest Wholesale RV,90 N Runger,Sheldon,IA,51201,90%,166
Steve's RVs,2095 Highway 441 South,Dublin,GA,31021,71%,
Suncoast Trailer Sales,7839 East 250 South,Pierceton,IN,46562,90%,87
Sunshine State RV,3202 North Main Street,Gainesville,FL,32609,45%,
Sweetwater Performance Center,501 South Main Street,Oshkosh,WI,54902,51%,
Sylacauga Marine & ATV,2670 Old Birmingham Highway,Sylacauga,AL,35150,21%,
Terrell Camping Center,7995 Highway 150 East,Terrell,NC,28682,74%,
The Boat House of Anaheim,335 South Brookhurst Street,Anaheim,CA,92804,21%,
The Navigation Co.,11910 Conneaut Lake Rd,Conneaut Lake,PA,16316,17%,
Tiny Life Homes,4075 Georgia Rd,Franklin,NC,28734,59%,
Tonie's RV,4529 Plantation Rd,Roanoke,VA,24012,87%,223
Total Recreation RV,973 Route 6,Shohola,PA,18458,74%,
Trailer World of Colorado,12202 Brighton Road,Henderson,CO,80640,95%,31
Trojan Landing Marine,1414 MacCorkle Ave SW,Charleston,WV,25303,19%,
Truck Camper Warehouse,6 Lyman Way,West Chesterfield,NH,3466,64%,
Unique Campers RV,824 Atlantic Street,Roseville,CA,95678,72%,
Vacationland,47W529 US Route 30,Big Rock,IL,60511,85%,565
Volume Powersports,3640 US Hwy 82 W,Tifton,GA,31793,41%,
Walker Trailer Sales,1002 West Congress Street,Nora Springs,IA,50458,88%,76
West Shore Marine,315 West Shore Road,Bristol,NH,3222,19%,
Wrights Campers,196 Charlie Miller Road,Dobson,NC,27017,88%,34
Yacht Works,98150 Overseas Highway,Key Largo,FL,33037,56%,
